,correlation_accuracy_train,correlation_accuracy_test,correlation_accuracy_test_train
l2, 0.20157523979441935, -0.028664631856238097, -0.61631873064733722
l1, -0.3537133220738698, -0.34980567566019133, -0.26639596822886996
