,correlation_accuracy_train, correlation_accuracy_test, correlation_accuracy_test_train
kitchen_l1, -0.55981437785780264, -0.68646902622092554, -0.70718751138158664
kitchen_l2, 0.33941348317338249, 0.10267793754800143, -0.6666259230842515
electronics_l2, 0.046638534389543393, 0.21989143016156726, 0.48096535609033708
electronics_l1, -0.44513378249755459, -0.43187568351488698, 0.12210674238258776
books_l1, -0.55249199197525689, -0.35823880658045415, 0.72399324922393082
books_l2, 0.37217898618986528, 0.14824707044237573, -0.63546172473433682 
dvd_l2, 0.51714676510498636, 0.40701739422050787, -0.55302858199946492 
dvd_l1, -0.66417421200265803, -0.73515076183751538, -0.46474064628042516
