,correlation_accuracy_train,correlation_accuracy_test,correlation_accuracy_test_train
kitchen_l1, -0.50070351755897569, -0.68612037801422643, -0.82384105750898717
kitchen_l2, 0.79626412548550407, 0.80243015025491815, -0.47147646986208858
electronics_l2, 0.93827369414932493, 0.92235664091946123, -0.92344045766912597
electronics_l1, -0.42661450317094496, -0.45371457489872596, -0.48462862545152213
books_l1, -0.37259270926483556, -0.19505812253713981, 0.70267608378666579
books_l2, 0.81268810247585155, 0.83759843796581213, -0.54826257022532909
dvd_l2, 0.91458025114211916, 0.83781570045778442, -0.93357436960226348
dvd_l1, -0.46447700215556365, -0.53344260401059029, -0.60434124160430691
