,Accuracy,Coherence1,Coherence2,Coherence3,Coherence4
books,0.5206326123,57.1391108154,73.507302371,71.9733354303,75.2436158957
dvd,0.5498241501,59.902917497,71.3354816327,63.1843483243,64.610442992
electronics,0.5541433655,63.553287761,71.4621325148,66.0114553733,57.3984785426
kitchen,0.5851621674,58.7788889377,69.874764945,70.0613259953,61.5969969134
